0,0.457503199577332,0,0.457503199577332,0,0.5,1,0,0
0,0.467503190040588,0,0.467503190040588,0,0.5,1,0,0
0,0.467503190040588,0,0.467503190040588,0,0.5,1,0,0
0,0.477503210306168,0,0.477503210306168,0,0.500198781490326,1,0,0
0,0.487503200769424,0,0.487503200769424,0,0.500595211982727,1,0,0
0,0.497503191232681,0,0.497503191232681,0,0.501188039779663,1,0,0
0,0.507503211498261,0,0.507503211498261,0.0150064090266824,0.501976132392883,1,0,0
0,0.517503201961517,0,0.517503201961517,0.035006407648325,0.502958238124847,1,0,0
0,0.567503213882446,0,0.567503213882446,0.135006412863731,0.509551465511322,1,0,0
0,0.577503204345703,0,0.577503204345703,0.155006408691406,0.510885775089264,1,0,0
0,0.58750319480896,0,0.58750319480896,0.175006404519081,0.512410879135132,1,0,0
0,0.597503185272217,0,0.597503185272217,0.195006415247917,0.51412558555603,1,0,0
0,0.607503175735474,0,0.607503175735474,0.215006411075592,0.516028881072998,1,0,0
0,0.617503225803375,0,0.617503225803375,0.235006406903267,0.51811945438385,1,0,0
0,0.627503216266632,0,0.627503216266632,0.255006402730942,0.52039635181427,1,0,0
0,0.627503216266632,0,0.627503216266632,0.255006402730942,0.52039635181427,1,0,0
0,0,0,0,0.175005495548248,0.508873283863068,1,0,0
0,0,0,0,0.195005491375923,0.507030844688416,1,0,0
0,0,0,0,0.195005491375923,0.507030844688416,1,0,0
0,0,0,0,0.215005487203598,0.505398273468018,1,0,0
0.197502747178078,0,0.197502747178078,0,0,0.444228708744049,1,0,0
0.207502752542496,0,0.207502752542496,0,0,0.443370521068573,1,0,0
0.217502743005753,0,0.217502743005753,0,0,0.442716300487518,1,0,0
0.227502748370171,0,0.227502748370171,0,0,0.442264825105667,1,0,0
0.237502753734589,0,0.237502753734589,0,0,0.442014813423157,1,0,0
0.0475019849836826,0,0.0475019849836826,0,0,0.434069335460663,1,0,0
0.0575019828975201,0,0.0575019828975201,0,0,0.433669716119766,1,0,0
0.0675019845366478,0,0.0675019845366478,0,0,0.433471292257309,1,0,0
0.0675019845366478,0,0.0675019845366478,0,0,0.433471292257309,1,0,0
0.0775019824504852,0,0.0775019824504852,0,0,0.433472871780396,1,0,0
0.0875019803643227,0,0.0875019803643227,0,0,0.433673232793808,1,0,0
0.0374972522258759,0.037498015910387,0,0,0,0.443322569131851,1,0,0
0.0474972538650036,0.0474980175495148,0,0,0,0.443066209554672,1,0,0
0.057497251778841,0.0574980154633522,0,0,0,0.443010210990906,1,0,0
0.0674972534179688,0.0674980133771896,0,0,0,0.443153351545334,1,0,0
0.0774972513318062,0.0774980187416077,0,0,0,0.443494439125061,1,0,0
0,0,0,0,0.134991452097893,0.480070948600769,1,0,0
0,0,0,0,0.154991447925568,0.479991734027863,1,0,0
0.017114257439971,0.0171185303479433,0,0,0,0.447047710418701,1,0,0
0.017114257439971,0.0171185303479433,0,0,0,0.447047710418701,1,0,0
0.0271136481314898,0.0271179191768169,0,0,0,0.44637143611908,1,0,0
0.0371130369603634,0.0371173098683357,0,0,0,0.445897996425629,1,0,0
0.0471124276518822,0.0471167005598545,0,0,0,0.445626199245453,1,0,0
0.0571118146181107,0.057116087526083,0,0,0,0.445554852485657,1,0,0
0.0571118146181107,0.057116087526083,0,0,0,0.445554852485657,1,0,0
0.0671112090349197,0.0671154782176018,0,0,0,0.445682734251022,1,0,0
0.0771105960011482,0.0771148651838303,0,0,0,0.446008622646332,1,0,0
0.0871099829673767,0.0871142596006393,0,0,0,0.446531355381012,1,0,0
0,0.417032480239868,0,0.417032480239868,0,0.486940056085587,1,0,0
0,0.427031874656677,0,0.427031874656677,0,0.486819624900818,1,0,0
0,0.427031874656677,0,0.427031874656677,0,0.486819624900818,1,0,0
0,0.437031239271164,0,0.437031239271164,0,0.486898690462112,1,0,0
0,0.447030633687973,0,0.447030633687973,0,0.487176090478897,1,0,0
0,0.457030028104782,0,0.457030028104782,0,0.487650632858276,1,0,0
0,0.467029422521591,0,0.467029422521591,0,0.488321125507355,1,0,0
0,0.467029422521591,0,0.467029422521591,0,0.488321125507355,1,0,0
0,0,0,0,0,0.47100156545639,1,0,0
0,0,0,0,0,0.470380365848541,1,0,0
0,0,0,0,0,0.469961673021317,1,0,0
0,0,0,0,0,0.469744294881821,1,0,0
0,0,0,0,0,0.469727039337158,1,0,0
0,0,0,0,0,0.469908654689789,1,0,0
0,0,0,0,0,0.469908654689789,1,0,0
0,0.506888270378113,0,0.506892383098602,0,0.499488919973373,1,0,0
0,0.516887962818146,0,0.516892075538635,0,0.499491989612579,1,0,0
0,0.526887655258179,0,0.526891767978668,0,0.499693840742111,1,0,0
0,0.536887347698212,0,0.536891460418701,0,0.500093281269073,1,0,0
0,0.546887040138245,0,0.546891152858734,0,0.500689148902893,1,0,0
0.436563402414322,0.436904311180115,0,0,0,0.487487852573395,1,0,0
0.446563422679901,0.446904301643372,0,0,0,0.487165331840515,1,0,0
0.456563115119934,0.456904143095016,0,0,0,0.487043529748917,1,0,0
0,0.556820213794708,0,0.556826174259186,0.113654173910618,0.509255886077881,1,0,0
0,0.566820085048676,0,0.566826045513153,0.133653864264488,0.509399116039276,1,0,0
0,0.576819896697998,0,0.576825857162476,0.153653562068939,0.509740352630615,1,0,0
0,0.586819767951965,0,0.586825728416443,0.17365325987339,0.510278284549713,1,0,0
0,0.0569325238466263,0,0.0569325238466263,0,0.449617207050323,1,0,0
0,0.0669319182634354,0,0.0669319182634354,0,0.447335094213486,1,0,0
0,0.0669319182634354,0,0.0669319182634354,0,0.447335094213486,1,0,0
0,0.0769322216510773,0,0.0769322216510773,0,0.445265501737595,1,0,0
0,0.0869316086173058,0,0.0869316086173058,0,0.443407088518143,1,0,0
0,0.0969319120049477,0,0.0969319120049477,0,0.441758662462235,1,0,0
0,0.106931306421757,0,0.106931306421757,0,0.440318912267685,1,0,0
0,0.236929774284363,0,0.236929774284363,0,0.427171438932419,1,0,0
0,0.246929168701172,0,0.246929168701172,0,0.426216810941696,1,0,0
0,0.256929486989975,0,0.256929486989975,0,0.42546671628952,1,0,0
0,0.256929486989975,0,0.256929486989975,0,0.42546671628952,1,0,0
0,0.266928851604462,0,0.266928851604462,0,0.424919933080673,1,0,0
0,0.276929169893265,0,0.276929169893265,0,0.424575209617615,1,0,0
0,0.286928564310074,0,0.286928564310074,0,0.424431353807449,1,0,0
0,0.296928852796555,0,0.296928852796555,0,0.424487143754959,1,0,0
0,0.306928247213364,0,0.306928247213364,0,0.424741417169571,1,0,0
0,0.306928247213364,0,0.306928247213364,0,0.424741417169571,1,0,0
0,0.316928565502167,0,0.316928565502167,0,0.425192981958389,1,0,0
0,0.326927959918976,0,0.326927959918976,0,0.425840616226196,1,0,0
0,0.336928248405457,0,0.336928248405457,0,0.426683157682419,1,0,0
0,0.346927642822266,0,0.346927642822266,0,0.427719473838806,1,0,0
0,0.356927961111069,0,0.356927961111069,0,0.42894834280014,1,0,0
0,0.366927325725555,0,0.366927325725555,0,0.430368661880493,1,0,0
0,0.376927644014359,0,0.376927644014359,0,0.431979238986969,1,0,0
0,0.376927644014359,0,0.376927644014359,0,0.431979238986969,1,0,0
0,0.386927038431168,0,0.386927038431168,0,0.433778941631317,1,0,0
0,0.396927326917648,0,0.396927326917648,0,0.435766667127609,1,0,0
0,0.406926721334457,0,0.406926721334457,0,0.437941282987595,1,0,0
0,0.416927039623261,0,0.416927039623261,0,0.4403016269207,1,0,0
0,0.426926255226135,0,0.426926255226135,0,0.44284662604332,1,0,0
0,0.426926255226135,0,0.426926255226135,0,0.44284662604332,1,0,0
0,0.436926573514938,0,0.436926573514938,0,0.44557511806488,1,0,0
0,0,0,0,0.313277274370193,0.512401044368744,1,0,0
0,0,0,0,0.333276361227036,0.511133849620819,1,0,0
0,0,0,0,0.333276361227036,0.511133849620819,1,0,0
0,0,0,0,0.353276669979095,0.510073006153107,1,0,0
0,0,0,0,0.373275756835938,0.509217381477356,1,0,0
0,0,0,0,0.393276065587997,0.508565664291382,1,0,0
0.286207586526871,0.287057489156723,0,0,0,0.482805997133255,1,0,0
0.296207576990128,0.297057509422302,0,0,0,0.482710361480713,1,0,0
0.306207567453384,0.307057499885559,0,0,0,0.482814103364944,1,0,0
0.316207587718964,0.317057490348816,0,0,0,0.483116000890732,1,0,0
0.0663377344608307,0,0.0663369745016098,0,0,0.442816108465195,1,0,0
0.0663377344608307,0,0.0663369745016098,0,0,0.442816108465195,1,0,0
0.0763375833630562,0,0.0763368234038353,0,0,0.441966414451599,1,0,0
0.0863375887274742,0,0.0863368213176727,0,0,0.44132062792778,1,0,0
0,0.156859740614891,0,0.156860500574112,0,0.421882152557373,1,0,0
0,0.166859582066536,0,0.166860356926918,0,0.421754479408264,1,0,0
0,0.176859587430954,0,0.176860347390175,0,0.421826332807541,1,0,0
0,0.186859428882599,0,0.186860203742981,0,0.422096580266953,1,0,0
0,0.196859434247017,0,0.196860194206238,0,0.422563999891281,1,0,0
0,0.196859434247017,0,0.196860194206238,0,0.422563999891281,1,0,0
0,0.206859290599823,0,0.206860050559044,0,0.423227399587631,1,0,0
0,0.21685928106308,0,0.216860041022301,0,0.424085646867752,1,0,0
0,0.226859137415886,0,0.226859897375107,0,0.425137519836426,1,0,0
0,0.906852245330811,0,0.906853020191193,0,0.505783379077911,1,0,0
0,0.916852235794067,0,0.916853010654449,0,0.506742715835571,1,0,0
0,0.926852285861969,0,0.926853001117706,0,0.507895052433014,1,0,0
0,0.926852285861969,0,0.926853001117706,0,0.507895052433014,1,0,0
0,0.936852276325226,0,0.936853051185608,0,0.509239256381989,1,0,0
0,0.946852266788483,0,0.946853041648865,0,0.510774254798889,1,0,0
0,0.836851835250854,0,0.836852550506592,0,0.481217473745346,1,0,0
0,0.846851825714111,0,0.846852540969849,0,0.480137348175049,1,0,0
0,0.856851816177368,0,0.85685259103775,0,0.47926253080368,1,0,0
0,0.856851816177368,0,0.85685259103775,0,0.47926253080368,1,0,0
0,0.866851806640625,0,0.866852581501007,0,0.478591769933701,1,0,0
0,0.876851797103882,0,0.876852571964264,0,0.478123813867569,1,0,0
0,0.886851787567139,0,0.886852562427521,0,0.47785747051239,1,0,0
0,0.896851778030396,0,0.896852552890778,0,0.477791517972946,1,0,0
0,0.906851828098297,0,0.906852543354034,0,0.477924764156342,1,0,0
0,0.906851828098297,0,0.906852543354034,0,0.477924764156342,1,0,0
0,0.916851818561554,0,0.916852593421936,0,0.478256016969681,1,0,0
0,0.926851809024811,0,0.926852583885193,0,0.478784084320068,1,0,0
0,0.936851799488068,0,0.93685257434845,0,0.479507774114609,1,0,0
0,0.946851789951324,0,0.946852564811707,0,0.480425924062729,1,0,0
0,0.946851789951324,0,0.946852564811707,0,0.480425924062729,1,0,0
0,0.956851780414581,0,0.956852555274963,0,0.481537371873856,1,0,0
0,0.966851830482483,0,0.96685254573822,0,0.482840955257416,1,0,0
0,0.97685182094574,0,0.976852595806122,0,0.484335511922836,1,0,0
0,0.986851811408997,0,0.986852586269379,0,0.486019909381866,1,0,0
0,0.996851801872253,0,0.996852576732636,0,0.487892985343933,1,0,0
0,0.996851801872253,0,0.996852576732636,0,0.487892985343933,1,0,0
0.00616104109212756,0.00701065082103014,0,0,0,0.489953607320786,1,0,0
0.934423804283142,0,0.934423804283142,0,0.868847668170929,0.447027027606964,1,0,0
0.944413423538208,0,0.944413423538208,0,0.888826906681061,0.446152061223984,1,0,0
0.954403102397919,0,0.954403102397919,0,0.908806145191193,0.445481151342392,1,0,0
0.964392721652985,0,0.964392721652985,0,0.928785383701324,0.445013076066971,1,0,0
0.974382340908051,0,0.974382340908051,0,0.948764622211456,0.44474658370018,1,0,0
0.984372079372406,0,0.984372079372406,0,0.968744218349457,0.444680511951447,1,0,0
0.984372079372406,0,0.984372079372406,0,0.968744218349457,0.444680511951447,1,0,0
0.994361698627472,0,0.994361698627472,0,0.988723456859589,0.44481360912323,1,0,0
0.00417282106354833,0.00512237567454576,0,0,0,0.44514474272728,1,0,0
0.094090424478054,0.0950399786233902,0,0,0,0.451341062784195,1,0,0
0.104085236787796,0.105034790933132,0,0,0,0.452030599117279,1,0,0
0.114079892635345,0.115029446780682,0,0,0,0.452914834022522,1,0,0
0.124074704945087,0.125024259090424,0,0,0,0.453992515802383,1,0,0
0.124074704945087,0.125024259090424,0,0,0,0.453992515802383,1,0,0
0.134069517254829,0.135019227862358,0,0,0,0.455262571573257,1,0,0
0.144064337015152,0.145014032721519,0,0,0,0.456723809242249,1,0,0
0,0.50413054227829,0,0.50413054227829,0,0.512212336063385,1,0,0
0,0.514125347137451,0,0.514125347137451,0,0.512139081954956,1,0,0
0,0.514125347137451,0,0.514125347137451,0,0.512139081954956,1,0,0
0,0.524120151996613,0,0.524120151996613,0,0.512265026569366,1,0,0
0,0.534115016460419,0,0.534115016460419,0,0.512589037418365,1,0,0
0,0.54410982131958,0,0.54410982131958,0,0.513109922409058,1,0,0
0,0.554104626178741,0,0.554104626178741,0,0.513826429843903,1,0,0
0,0.723497629165649,0,0.723497629165649,0,0.55912059545517,1,0,0
0,0.733492434024811,0,0.733492434024811,0,0.558964669704437,1,0,0
0,0.743487238883972,0,0.743487238883972,0,0.559008479118347,1,0,0
0,0.743487238883972,0,0.743487238883972,0,0.559008479118347,1,0,0
0,0.753482043743134,0,0.753482043743134,0,0.559250831604004,1,0,0
0,0.763476848602295,0,0.763476848602295,0,0.559690535068512,1,0,0
0.471815943717957,0.472761541604996,0,0,0,0.485580921173096,1,0,0
0.481810748577118,0.482756346464157,0,0,0,0.485071033239365,1,0,0
0.481810748577118,0.482756346464157,0,0,0,0.485071033239365,1,0,0
0.391417235136032,0.392363280057907,0,0,0,0.477278739213943,1,0,0
0.401414632797241,0.402360677719116,0,0,0,0.477216273546219,1,0,0
0.401414632797241,0.402360677719116,0,0,0,0.477216273546219,1,0,0
0.0711593627929688,0,0.0711593627929688,0,0,0.423047691583633,1,0,0
0.081156924366951,0,0.081156924366951,0,0,0.421720206737518,1,0,0
0.081156924366951,0,0.081156924366951,0,0,0.421720206737518,1,0,0
0.0911541730165482,0,0.0911541730165482,0,0,0.420599490404129,1,0,0
0.10115173459053,0,0.10115173459053,0,0,0.419684290885925,1,0,0
0.111148983240128,0,0.111148983240128,0,0,0.418973386287689,1,0,0
0.12114654481411,0,0.12114654481411,0,0,0.418465554714203,1,0,0
0.131143793463707,0,0.131143793463707,0,0,0.418159544467926,1,0,0
0.131143793463707,0,0.131143793463707,0,0,0.418159544467926,1,0,0
0.141141355037689,0,0.141141355037689,0,0,0.418054193258286,1,0,0
0.151138603687286,0,0.151138603687286,0,0,0.418148279190063,1,0,0
0,0,0,0,0,0.419076532125473,1,0,0
0,0,0,0,0,0.418369263410568,1,0,0
0,0,0,0,0,0.417865037918091,1,0,0
0,0,0,0,0,0.417562663555145,1,0,0
0,0,0,0,0,0.417460888624191,1,0,0
0,0,0,0,0,0.417558521032333,1,0,0
0,0,0,0,0,0.417558521032333,1,0,0
0,0,0,0,0,0.417854368686676,1,0,0
0,0,0,0,0,0.418347239494324,1,0,0
0,0,0,0,0,0.419035941362381,1,0,0
0,0.280883938074112,0,0.280880749225616,0,0.490300744771957,1,0,0
0,0.290882885456085,0,0.290879666805267,0,0.490160137414932,1,0,0
0,0.3008813560009,0,0.300878137350082,0,0.490219175815582,1,0,0
0,0.310880124568939,0,0.310876935720444,0,0.490476667881012,1,0,0
0,0.320878595113754,0,0.320875406265259,0,0.490931391716003,1,0,0
0.561129152774811,0,0.561134159564972,0,0.12226989865303,0.5,1,0,0
0.571070551872253,0,0.571075618267059,0,0.142152711749077,0.5,1,0,0
0.581011533737183,0,0.581016540527344,0,0.162034600973129,0.500198781490326,1,0,0
0.590952634811401,0,0.590957641601563,0,0.181916803121567,0.500595211982727,1,0,0
0.590952634811401,0,0.590957641601563,0,0.181916803121567,0.500595211982727,1,0,0
0.60089373588562,0,0.600898921489716,0,0.201799318194389,0.501188039779663,1,0,0
0.61083447933197,0,0.610839664936066,0,0.221680909395218,0.501976132392883,1,0,0
0.0478112809360027,0.0484262071549892,0,0,0,0.43670067191124,1,0,0
0.0577766411006451,0.0583914183080196,0,0,0,0.436086475849152,1,0,0
0.0677416995167732,0.0683566257357597,0,0,0,0.435674756765366,1,0,0
0.0777070596814156,0.0783218368887901,0,0,0,0.435464292764664,1,0,0
0.0777070596814156,0.0783218368887901,0,0,0,0.435464292764664,1,0,0
0.087672121822834,0.0882870480418205,0,0,0,0.435453921556473,1,0,0
0.0976374819874763,0.0982522591948509,0,0,0,0.435642391443253,1,0,0
0.107602536678314,0.108217470347881,0,0,0,0.43602854013443,1,0,0
0.117567904293537,0.118182681500912,0,0,0,0.436611145734787,1,0,0
0.127532958984375,0.128147885203362,0,0,0,0.437389075756073,1,0,0
0.127532958984375,0.128147885203362,0,0,0,0.437389075756073,1,0,0
0.137498319149017,0.138113096356392,0,0,0,0.438361138105392,1,0,0
0.147463381290436,0.148078307509422,0,0,0,0.439526170492172,1,0,0
0.157428741455078,0.158043518662453,0,0,0,0.440883010625839,1,0,0
0.167393803596497,0.168008729815483,0,0,0,0.442430526018143,1,0,0
0,0,0,0,0,0.443434476852417,1,0,0
0,0,0,0,0,0.442382276058197,1,0,0
0,0,0,0,0,0.441535174846649,1,0,0
0,0,0,0,0,0.441535174846649,1,0,0
0,0,0,0,0,0.440891951322556,1,0,0
0,0,0,0,0,0.440451413393021,1,0,0
0,0,0,0,0,0.440212309360504,1,0,0
0,0,0,0,0,0.440173417329788,1,0,0
0,0,0,0,0,0.4403335750103,1,0,0
0,0,0,0,0,0.4403335750103,1,0,0
0,0,0,0,0,0.440691590309143,1,0,0
0,0,0,0,0,0.4412462413311,1,0,0
0,0,0,0,0,0.441996365785599,1,0,0
0,0,0,0,0,0.442940771579742,1,0,0
0.959805011749268,0,0.959799647331238,0,0,0.441011428833008,1,0,0
0.969774186611176,0,0.969768822193146,0,0,0.440172582864761,1,0,0
0.969774186611176,0,0.969768822193146,0,0,0.440172582864761,1,0,0
0.979743182659149,0,0.979737877845764,0,0,0.439537525177002,1,0,0
0.989712357521057,0,0.989707052707672,0,0,0.439105123281479,1,0,0
0.999681711196899,0,0.99967634677887,0,0,0.438874065876007,1,0,0
0,0,0,0,0,0.438843220472336,1,0,0
0,0,0,0,0,0.439011365175247,1,0,0
0,0,0,0,0,0.439377307891846,1,0,0
0,0,0,0,0,0.439377307891846,1,0,0
0,0.0522763058543205,0,0.0522811897099018,0,0.44479238986969,1,0,0
0,0.0622610487043858,0,0.0622659288346767,0,0.444129645824432,1,0,0
0,0.072245791554451,0,0.072250671684742,0,0.443669676780701,1,0,0
0,0.0822305306792259,0,0.0822354108095169,0,0.443411231040955,1,0,0
0,0.0922152698040009,0,0.0922201573848724,0,0.443353176116943,1,0,0
0,0.0922152698040009,0,0.0922201573848724,0,0.443353176116943,1,0,0
0,0.102200008928776,0,0.102204896509647,0,0.443494260311127,1,0,0
0,0.112184755504131,0,0.112189635634422,0,0.443833291530609,1,0,0
0,0.122169494628906,0,0.122174374759197,0,0.444369077682495,1,0,0
0,0.371787875890732,0,0.371792763471603,0,0.465851843357086,1,0,0
0,0.381772607564926,0,0.381777495145798,0,0.466653138399124,1,0,0
0,0.391757369041443,0,0.391762226819992,0,0.467648416757584,1,0,0
0,0.391757369041443,0,0.391762226819992,0,0.467648416757584,1,0,0
0,0.741222977638245,0,0.74122816324234,0.482457876205444,0.511388599872589,1,0,0
0,0.751207709312439,0,0.751212894916534,0.502427339553833,0.512513101100922,1,0,0
0,0.761192500591278,0,0.761197686195374,0.522396862506866,0.513829588890076,1,0,0
0,0.771177232265472,0,0.771182417869568,0.542366325855255,0.51533704996109,1,0,0
0,0.781161963939667,0,0.781167149543762,0.562335789203644,0.517034232616425,1,0,0
0,0.781161963939667,0,0.781167149543762,0.562335789203644,0.517034232616425,1,0,0
0,0.791146695613861,0,0.791151881217957,0.582305312156677,0.518920004367828,1,0,0
0,0.801131427288055,0,0.801136612892151,0.602274775505066,0.520993292331696,1,0,0
0.699028015136719,0,0.699028015136719,0,0.398056030273438,0.449629157781601,1,0,0
0.709012746810913,0,0.709012746810913,0,0.418025523424149,0.446750581264496,1,0,0
0.718997359275818,0,0.718997359275818,0,0.437994688749313,0.444088071584702,1,0,0
0.728981912136078,0,0.728981912136078,0,0.457963854074478,0.441640347242355,1,0,0
0.728981912136078,0,0.728981912136078,0,0.457963854074478,0.441640347242355,1,0,0
0.738966703414917,0,0.738966703414917,0,0.477933347225189,0.439406096935272,1,0,0
0.748951256275177,0,0.748951256275177,0,0.497902512550354,0.437384068965912,1,0,0
0.758935868740082,0,0.758935868740082,0,0.517871677875519,0.435572952032089,1,0,0
0.768920421600342,0,0.768920421600342,0,0.537840902805328,0.433971524238586,1,0,0
0.778905034065247,0,0.778905034065247,0,0.557810068130493,0.432578474283218,1,0,0
0.778905034065247,0,0.778905034065247,0,0.557810068130493,0.432578474283218,1,0,0
0.788889765739441,0,0.788889765739441,0,0.577779531478882,0.43139261007309,1,0,0
0.798874378204346,0,0.798874378204346,0,0.597748696804047,0.430412650108337,1,0,0
0.808858931064606,0,0.808858931064606,0,0.617717921733856,0.429637372493744,1,0,0
0.8188436627388,0,0.8188436627388,0,0.637687385082245,0.429065555334091,1,0,0
0.828828275203705,0,0.828828275203705,0,0.65765655040741,0.428695976734161,1,0,0
0.828828275203705,0,0.828828275203705,0,0.65765655040741,0.428695976734161,1,0,0
0.83881288766861,0,0.83881288766861,0,0.677625715732574,0.428527384996414,1,0,0
0.84879744052887,0,0.84879744052887,0,0.697594881057739,0.428558617830276,1,0,0
0.858782052993774,0,0.858782052993774,0,0.717564105987549,0.42878845334053,1,0,0
0,0.0193444825708866,0,0.0193444825708866,0,0.438185542821884,1,0,0
0,0.0293290708214045,0,0.0293290708214045,0,0.438755214214325,1,0,0
0,0.0293290708214045,0,0.0293290708214045,0,0.438755214214325,1,0,0
0,0.0393138118088245,0,0.0393138118088245,0,0.439520269632339,1,0,0
0,0.0492984019219875,0,0.0492984019219875,0,0.440479546785355,1,0,0
0,0.0592829883098602,0,0.0592829883098602,0,0.441631883382797,1,0,0
0,0.0692698657512665,0,0.0692698657512665,0,0.442976087331772,1,0,0
0,0.0792611688375473,0,0.0792611688375473,0,0.444511026144028,1,0,0
0,0.0792611688375473,0,0.0792611688375473,0,0.444511026144028,1,0,0
0,0.089253231883049,0,0.089253231883049,0,0.446235567331314,1,0,0
0,0.0992454513907433,0,0.0992454513907433,0,0.448148548603058,1,0,0
0,0.109237819910049,0,0.109237819910049,0,0.450248867273331,1,0,0
0,0.119230039417744,0,0.119230039417744,0,0.452535361051559,1,0,0
0,0.129222571849823,0,0.129222571849823,0,0.455006957054138,1,0,0
0.0966665670275688,0.0979615747928619,0,0,0,0.451868236064911,1,0,0
0.106658935546875,0.107953950762749,0,0,0,0.450765401124954,1,0,0
0.116651304066181,0.117946319282055,0,0,0,0.449868023395538,1,0,0
0.126643672585487,0.127938687801361,0,0,0,0.449174821376801,1,0,0
0.126643672585487,0.127938687801361,0,0,0,0.449174821376801,1,0,0
0.136636048555374,0.137931063771248,0,0,0,0.448684573173523,1,0,0
0.146628424525261,0.147923424839973,0,0,0,0.448396056890488,1,0,0
0.486369013786316,0.487664043903351,0,0,0,0.451650828123093,1,0,0
0.496361374855042,0.497656404972076,0,0,0,0.451742112636566,1,0,0
0.506353735923767,0.507648766040802,0,0,0.0140020754188299,0.452031672000885,1,0,0
0.506353735923767,0.507648766040802,0,0,0.0140020754188299,0.452031672000885,1,0,0
0.744327068328857,0,0.744327068328857,0,0.488654166460037,0.431952953338623,1,0,0
0.754323124885559,0,0.754323124885559,0,0.508646249771118,0.431168437004089,1,0,0
0.764319181442261,0,0.764319181442261,0,0.528638303279877,0.430587410926819,1,0,0
0.774315357208252,0,0.774315357208252,0,0.548630654811859,0.430208683013916,1,0,0
0.774315357208252,0,0.774315357208252,0,0.548630654811859,0.430208683013916,1,0,0
0.784311532974243,0,0.784311532974243,0,0.568623065948486,0.430031031370163,1,0,0
0,0.114992216229439,0,0.114992216229439,0,0.436501860618591,1,0,0
0,0.114992216229439,0,0.114992216229439,0,0.436501860618591,1,0,0
0,0.124988406896591,0,0.124988406896591,0,0.43668407201767,1,0,0
0,0.13498443365097,0,0.13498443365097,0,0.437063962221146,1,0,0
0,0.144980624318123,0,0.144980624318123,0,0.437640368938446,1,0,0
0,0.154976651072502,0,0.154976651072502,0,0.438412129878998,1,0,0
0,0.164972841739655,0,0.164972841739655,0,0.439378052949905,1,0,0
0,0.164972841739655,0,0.164972841739655,0,0.439378052949905,1,0,0
0,0.174968868494034,0,0.174968868494034,0,0.440536975860596,1,0,0
0,0.184965059161186,0,0.184965059161186,0,0.441887766122818,1,0,0
0,0.194961085915565,0,0.194961085915565,0,0.443429231643677,1,0,0
0,0.204957276582718,0,0.204957276582718,0,0.445160269737244,1,0,0
0,0.214953303337097,0,0.214953303337097,0,0.447079688310623,1,0,0
0,0.214953303337097,0,0.214953303337097,0,0.447079688310623,1,0,0
0.433265089988709,0,0.433265089988709,0,0,0.460018754005432,1,0,0
0.443261116743088,0,0.443261116743088,0,0,0.458668231964111,1,0,0
0.453257441520691,0,0.453257441520691,0,0,0.457524627447128,1,0,0
0.46325346827507,0,0.46325346827507,0,0,0.456586688756943,1,0,0
0,0.133795619010925,0,0.133798211812973,0,0.426880449056625,1,0,0
0,0.143791660666466,0,0.143794253468513,0,0.426523953676224,1,0,0
0,0.15378800034523,0,0.153790593147278,0,0.426368415355682,1,0,0
0,0.15378800034523,0,0.153790593147278,0,0.426368415355682,1,0,0
0,0.163784027099609,0,0.163786619901657,0,0.426412612199783,1,0,0
0,0.173780053853989,0,0.173782646656036,0,0.426655322313309,1,0,0
0,0.183776095509529,0,0.183778688311577,0,0.427095383405685,1,0,0
0,0.19377227127552,0,0.193774878978729,0,0.427731603384018,1,0,0
0,0.203768312931061,0,0.203770905733109,0,0.428562819957733,1,0,0
0,0.203768312931061,0,0.203770905733109,0,0.428562819957733,1,0,0
0,0.743557572364807,0,0.743560492992401,0,0.485010981559753,1,0,0
0,0.743557572364807,0,0.743560492992401,0,0.485010981559753,1,0,0
0,0.753553628921509,0,0.753556489944458,0,0.485896110534668,1,0,0
0,0.7635498046875,0,0.763552725315094,0,0.486974745988846,1,0,0
0,0.773545861244202,0,0.773548722267151,0,0.488245695829391,1,0,0
0,0.783542037010193,0,0.783544898033142,0,0.489707827568054,1,0,0
0,0.79353803396225,0,0.793540954589844,0,0.491359978914261,1,0,0
0,0.79353803396225,0,0.793540954589844,0,0.491359978914261,1,0,0
0,0.803534090518951,0,0.803537011146545,0,0.493201017379761,1,0,0
0,0.813530266284943,0,0.813533186912537,0,0.495229810476303,1,0,0
0,0.823526322841644,0,0.823529183864594,0,0.497445225715637,1,0,0
0,0.833522498607636,0,0.833525419235229,0,0.499846160411835,1,0,0
0,0.843518495559692,0,0.843521416187286,0,0.502431511878967,1,0,0
0,0.843518495559692,0,0.843521416187286,0,0.502431511878967,1,0,0
0,0.853514552116394,0,0.853517472743988,0,0.505200088024139,1,0,0
0.842472076416016,0,0.842468559741974,0,0.684936225414276,0.445150196552277,1,0,0
0.852470099925995,0,0.852466583251953,0,0.704932272434235,0.442696094512939,1,0,0
0.862468123435974,0,0.862464606761932,0,0.724927961826324,0.44045552611351,1,0,0
0.872466266155243,0,0.872462749481201,0,0.744924306869507,0.438427209854126,1,0,0
0.872466266155243,0,0.872462749481201,0,0.744924306869507,0.438427209854126,1,0,0
0.882464289665222,0,0.88246077299118,0,0.764920353889465,0.436609834432602,1,0,0
0.892462491989136,0,0.892458975315094,0,0.784916698932648,0.43500217795372,1,0,0
0.902460634708405,0,0.902457118034363,0,0.80491304397583,0.433602958917618,1,0,0
0.912458777427673,0,0.912455320358276,0,0.824909389019012,0.432410955429077,1,0,0
0.922456681728363,0,0.922453165054321,0,0.844905078411102,0.431424885988235,1,0,0
0.922456681728363,0,0.922453165054321,0,0.844905078411102,0.431424885988235,1,0,0
0.932454824447632,0,0.93245130777359,0,0.864901423454285,0.430643528699875,1,0,0
0.942453026771545,0,0.942449510097504,0,0.884897768497467,0.430065661668777,1,0,0
0.952451169490814,0,0.952447652816772,0,0.904894113540649,0.429690092802048,1,0,0
0.962449491024017,0,0.962445974349976,0,0.924890756607056,0.429515540599823,1,0,0
0.982445538043976,0,0.982442021369934,0,0.964882791042328,0.429764807224274,1,0,0
0.992443680763245,0,0.992440164089203,0,0.98487913608551,0.429987400770187,1,0,0
0.00219879159703851,0.0034841918386519,0,0,0,0.430407494306564,1,0,0
0.0121968081220984,0.0134822083637118,0,0,0,0.431023836135864,1,0,0
0.0221948251128197,0.0234802253544331,0,0,0,0.431835293769836,1,0,0
0.0221948251128197,0.0234802253544331,0,0,0,0.431835293769836,1,0,0
0.0321929939091206,0.0334783941507339,0,0,0,0.432840675115585,1,0,0
0.0421911627054214,0.0434764102101326,0,0,0,0.43403884768486,1,0,0
0.0521893315017223,0.0534745790064335,0,0,0,0.435428619384766,1,0,0
0.062187347561121,0.0634727478027344,0,0,0,0.437008827924728,1,0,0
0,0.817503213882446,0,0.817503213882446,0.635006427764893,0.568134248256683,0,0,1
0,0.817503213882446,0,0.817503213882446,0.635006427764893,0.568134248256683,0,0,1
0,0.827503204345703,0,0.827503204345703,0.655006408691406,0.570508599281311,0,0,1
0,0.83750319480896,0,0.83750319480896,0.67500638961792,0.572669982910156,0,0,1
0,0.847503185272217,0,0.847503185272217,0.695006430149078,0.57461953163147,0,0,1
0,0.857503175735474,0,0.857503175735474,0.715006411075592,0.576358616352081,0,0,1
0,0.867503225803375,0,0.867503225803375,0.735006392002106,0.577888488769531,0,0,1
0,0.867503225803375,0,0.867503225803375,0.735006392002106,0.577888488769531,0,0,1
0,0.877503216266632,0,0.877503216266632,0.755006432533264,0.579210340976715,0,0,1
0,0,0,0,0,0.591734409332275,0,0,1
0,0,0,0,0,0.591734409332275,0,0,1
0,0,0,0,0,0.59257560968399,0,0,1
0,0,0,0,0,0.593212962150574,0,0,1
0,0,0,0,0,0.593647718429565,0,0,1
0,0,0,0,0,0.593881011009216,0,0,1
0,0,0,0,0,0.593914151191711,0,0,1
0,0,0,0,0,0.593914151191711,0,0,1
0,0,0,0,0,0.593748271465302,0,0,1
0,0,0,0,0,0.593384563922882,0,0,1
0,0,0,0,0,0.592824280261993,0,0,1
0,0,0,0,0,0.592068493366241,0,0,1
0,0,0,0,0,0.578914821147919,0,0,1
0,0,0,0,0,0.577844977378845,0,0,1
0,0,0,0,0,0.576582670211792,0,0,1
0,0,0,0,0,0.575129210948944,0,0,1
0,0,0,0,0,0.575129210948944,0,0,1
0,0,0,0,0,0.573485612869263,0,0,1
0,0,0,0,0,0.571653127670288,0,0,1
0.707502722740173,0,0.707502722740173,0,0.415005505084991,0.447986751794815,0,0,1
0.717502772808075,0,0.717502772808075,0,0.435005486011505,0.448100030422211,0,0,1
0.727502763271332,0,0.727502763271332,0,0.455005496740341,0.448013842105865,0,0,1
0.727502763271332,0,0.727502763271332,0,0.455005496740341,0.448013842105865,0,0,1
0.527502000331879,0,0.527502000331879,0,0.0550039671361446,0.456657856702805,0,0,1
0.537501990795136,0,0.537501990795136,0,0.0750039666891098,0.457116723060608,0,0,1
0.547501981258392,0,0.547501981258392,0,0.0950039699673653,0.457374036312103,0,0,1
0.557501971721649,0,0.557501971721649,0,0.11500396579504,0.457430988550186,0,0,1
0.557501971721649,0,0.557501971721649,0,0.11500396579504,0.457430988550186,0,0,1
0.45749694108963,0.457497239112854,0,0,0,0.512671232223511,0,0,1
0.467496961355209,0.467497259378433,0,0,0,0.512992858886719,0,0,1
0.477496951818466,0.47749724984169,0,0,0,0.513113677501678,0,0,1
0.347156375646591,0,0.347156375646591,0,0,0.5,0,0,1
0.3571557700634,0,0.3571557700634,0,0,0.5,0,0,1
0.367155164480209,0,0.367155164480209,0,0,0.499801188707352,0,0,1
0.377154529094696,0,0.377154529094696,0,0,0.499404788017273,0,0,1
0.387153923511505,0,0.387153923511505,0,0,0.498811960220337,0,0,1
0.727070927619934,0.727075219154358,0,0,0.454145520925522,0.495260626077652,0,0,1
0.737070322036743,0.737074613571167,0,0,0.474144279956818,0.495885461568832,0,0,1
0.747069716453552,0.747073948383331,0,0,0.494143068790436,0.496307760477066,0,0,1
0.747069716453552,0.747073948383331,0,0,0.494143068790436,0.496307760477066,0,0,1
0.757069110870361,0.75707334280014,0,0,0.514141857624054,0.496528714895248,0,0,1
0,0,0,0,0,0.54845517873764,0,0,1
0,0,0,0,0,0.549158453941345,0,0,1
0,0,0,0,0,0.549658715724945,0,0,1
0,0,0,0,0,0.549957156181335,0,0,1
0,0,0,0,0,0.550055027008057,0,0,1
0,0,0,0,0,0.550055027008057,0,0,1
0,0,0,0,0,0.549953460693359,0,0,1
0,0,0,0,0,0.549653768539429,0,0,1
0,0,0,0,0,0.549157023429871,0,0,1
0,0,0,0,0,0.548464477062225,0,0,1
0,0,0,0,0.413818955421448,0.494367957115173,0,0,1
0,0,0,0,0.433818370103836,0.494799345731735,0,0,1
0,0,0,0,0.433818370103836,0.494799345731735,0,0,1
0.106591336429119,0.106934048235416,0,0,0,0.547746419906616,0,0,1
0.11659087985754,0.11693374812603,0,0,0,0.5484539270401,0,0,1
0.126590579748154,0.126933291554451,0,0,0,0.548958361148834,0,0,1
0.136590272188187,0.136932983994484,0,0,0,0.549261033535004,0,0,1
0.146590277552605,0.146932989358902,0,0,0,0.549363076686859,0,0,1
0.146590277552605,0.146932989358902,0,0,0,0.549363076686859,0,0,1
0.15659011900425,0.156932830810547,0,0,0,0.549265682697296,0,0,1
0.166589960455894,0.166932672262192,0,0,0,0.548970103263855,0,0,1
0.13661240041256,0,0.136606141924858,0,0,0.553921639919281,0,0,1
0.146612390875816,0,0.146606147289276,0,0,0.554592132568359,0,0,1
0.146612390875816,0,0.146606147289276,0,0,0.554592132568359,0,0,1
0.156612396240234,0,0.156606137752533,0,0,0.555059731006622,0,0,1
0.166612237691879,0,0.166605994105339,0,0,0.5553258061409,0,0,1
0.176612243056297,0,0.176605984568596,0,0,0.555391430854797,0,0,1
0.186612397432327,0,0.186606138944626,0,0,0.5552579164505,0,0,1
0.196612402796745,0,0.196606144309044,0,0,0.554926335811615,0,0,1
0.196612402796745,0,0.196606144309044,0,0,0.554926335811615,0,0,1
0.716612696647644,0,0.716606140136719,0,0,0.522507309913635,0,0,1
0.726612567901611,0,0.726606011390686,0,0,0.521974682807922,0,0,1
0.726612567901611,0,0.726606011390686,0,0,0.521974682807922,0,0,1
0.736612558364868,0,0.736606001853943,0,0,0.521246433258057,0,0,1
0.746612548828125,0,0.7466059923172,0,0,0.520323753356934,0,0,1
0.756612718105316,0,0.756606161594391,0,0,0.519207775592804,0,0,1
0.766612708568573,0,0.766606152057648,0,0,0.517899751663208,0,0,1
0.77661269903183,0,0.776606142520905,0,0,0.516400754451752,0,0,1
0.77661269903183,0,0.776606142520905,0,0,0.516400754451752,0,0,1
0.786612689495087,0,0.786606132984161,0,0,0.514711976051331,0,0,1
0.796612679958344,0,0.796606123447418,0,0,0.512834489345551,0,0,1
0.806612730026245,0,0.806606113910675,0,0,0.510769486427307,0,0,1
0.816612839698792,0,0.816606283187866,0,0,0.508518040180206,0,0,1
0,0.816920459270477,0,0.816920459270477,0,0.551366329193115,0,0,1
0,0.816920459270477,0,0.816920459270477,0,0.551366329193115,0,0,1
0,0.826919853687286,0,0.826919853687286,0,0.553841292858124,0,0,1
0,0.836920142173767,0,0.836920142173767,0,0.556102693080902,0,0,1
0,0.846919536590576,0,0.846919536590576,0,0.558151662349701,0,0,1
0,0.856919884681702,0,0.856919884681702,0,0.55998957157135,0,0,1
0,0.976917743682861,0,0.976917743682861,0,0.576771974563599,0,0,1
0,0.98691713809967,0,0.98691713809967,0,0.578100502490997,0,0,1
0,0.996917426586151,0,0.996917426586151,0,0.579222321510315,0,0,1
0,0,0,0,0,0.580138564109802,0,0,1
0,0,0,0,0,0.580850541591644,0,0,1
0,0,0,0,0,0.580850541591644,0,0,1
0,0,0,0,0,0.581359446048737,0,0,1
0,0,0,0,0,0.582601428031921,0,0,1
0,0,0,0,0,0.582702219486237,0,0,1
0,0,0,0,0,0.582603633403778,0,0,1
0,0,0,0,0,0.582306802272797,0,0,1
0,0,0,0,0,0.581812977790833,0,0,1
0,0,0,0,0,0.581812977790833,0,0,1
0,0,0,0,0,0.581123292446136,0,0,1
0,0,0,0,0,0.580238938331604,0,0,1
0,0,0,0,0,0.579161107540131,0,0,1
0,0,0,0,0,0.577890932559967,0,0,1
0.746207296848297,0.747057199478149,0,0,0.493261724710464,0.509474873542786,0,0,1
0.756207287311554,0.757057189941406,0,0,0.513261437416077,0.510014414787292,0,0,1
0.756207287311554,0.757057189941406,0,0,0.513261437416077,0.510014414787292,0,0,1
0.766207277774811,0.767057180404663,0,0,0.533261716365814,0.510351955890656,0,0,1
0.436342775821686,0,0.436342000961304,0,0,0.503862321376801,0,0,1
0.446342766284943,0,0.446342021226883,0,0,0.503839135169983,0,0,1
0.456342786550522,0,0.45634201169014,0,0,0.503617286682129,0,0,1
0.466342777013779,0,0.466341853141785,0,0,0.503198027610779,0,0,1
0.476342469453812,0,0.47634169459343,0,0,0.502582430839539,0,0,1
0.486342459917068,0,0.486341714859009,0,0,0.501771748065948,0,0,1
0,0.636851787567139,0,0.636852562427521,0,0.5,0,0,1
0,0.646851778030396,0,0.646852552890778,0,0.5,0,0,1
0,0.656851828098297,0,0.656852543354034,0,0.499801188707352,0,0,1
0,0.656851828098297,0,0.656852543354034,0,0.499801188707352,0,0,1
0,0.666851818561554,0,0.666852593421936,0,0.499404788017273,0,0,1
0,0.676851809024811,0,0.676852583885193,0,0.498811960220337,0,0,1
0,0.686851799488068,0,0.68685257434845,0,0.498023897409439,0,0,1
0.384994357824326,0,0.384994357824326,0,0,0.5,0,0,1
0.394983977079391,0,0.394983977079391,0,0,0.5,0,0,1
0.404973596334457,0,0.404973596334457,0,0,0.499801188707352,0,0,1
0.414963215589523,0,0.414963215589523,0,0,0.499404788017273,0,0,1
0.424952864646912,0,0.424952864646912,0,0,0.498811960220337,0,0,1
0.424952864646912,0,0.424952864646912,0,0,0.498811960220337,0,0,1
0.434942483901978,0,0.434942483901978,0,0,0.498023897409439,0,0,1
0.493883043527603,0.494832754135132,0,0,0,0.515124797821045,0,0,1
0.503877878189087,0.504827558994293,0,0,0.00870544463396072,0.516624450683594,0,0,1
0.513872683048248,0.514822363853455,0,0,0.0286950692534447,0.517916321754456,0,0,1
0.52386748790741,0.524817228317261,0,0,0.0486846938729286,0.519001603126526,0,0,1
0.52386748790741,0.524817228317261,0,0,0.0486846938729286,0.519001603126526,0,0,1
0.533862292766571,0.534812033176422,0,0,0.0686743184924126,0.51988160610199,0,0,1
0.543857097625732,0.544806838035584,0,0,0.0886639431118965,0.520557522773743,0,0,1
0.553851902484894,0.554801642894745,0,0,0.10865356773138,0.52103054523468,0,0,1
0.5638467669487,0.564796447753906,0,0,0.128643184900284,0.521301984786987,0,0,1
0,0.123809054493904,0,0.123809054493904,0,0.567397773265839,0,0,1
0,0.133803859353065,0,0.133803859353065,0,0.568186163902283,0,0,1
0,0.143798679113388,0,0.143798679113388,0,0.568771064281464,0,0,1
0,0.153793483972549,0,0.153793483972549,0,0.569153606891632,0,0,1
0,0.163788303732872,0,0.163788303732872,0,0.569335103034973,0,0,1
0,0.163788303732872,0,0.163788303732872,0,0.569335103034973,0,0,1
0.102527923882008,0.103477783501148,0,0,0,0.585268199443817,0,0,1
0.11252273619175,0.11347259581089,0,0,0,0.58594936132431,0,0,1
0.122517548501492,0.123467408120632,0,0,0,0.586427688598633,0,0,1
0.132512360811234,0.133462220430374,0,0,0,0.586704313755035,0,0,1
0.132512360811234,0.133462220430374,0,0,0,0.586704313755035,0,0,1
0.142507165670395,0.143457025289536,0,0,0,0.586780488491058,0,0,1
0.152501985430717,0.153451845049858,0,0,0,0.586657404899597,0,0,1
0.162496790289879,0.163446649909019,0,0,0,0.586336255073547,0,0,1
0.172491610050201,0.173441469669342,0,0,0,0.585818231105804,0,0,1
0.182486414909363,0.183436274528503,0,0,0,0.585104525089264,0,0,1
0.182486414909363,0.183436274528503,0,0,0,0.585104525089264,0,0,1
0.311356514692307,0,0.311356514692307,0,0,0.500680208206177,0,0,1
0.321354061365128,0,0.321354061365128,0,0,0.500874936580658,0,0,1
0.331351310014725,0,0.331351310014725,0,0,0.500869691371918,0,0,1
0.341348886489868,0,0.341348886489868,0,0,0.500665664672852,0,0,1
0.351346135139465,0,0.351346135139465,0,0,0.500264108181,0,0,1
0.70125550031662,0,0.70125550031662,0,0.40251100063324,0.475204110145569,0,0,1
0.711252748966217,0,0.711252748966217,0,0.422505497932434,0.474557667970657,0,0,1
0.721250295639038,0,0.721250295639038,0,0.442500621080399,0.47371631860733,0,0,1
0.731247544288635,0,0.731247544288635,0,0.462495118379593,0.472681224346161,0,0,1
0.741245090961456,0,0.741245090961456,0,0.482490241527557,0.471453547477722,0,0,1
0.740988492965698,0,0.740988492965698,0,0.481976926326752,0.442471235990524,0,0,1
0.750986039638519,0,0.750986039638519,0,0.501972019672394,0.442816406488419,0,0,1
0.76098358631134,0,0.76098358631134,0,0.521967172622681,0.44296070933342,0,0,1
0.76098358631134,0,0.76098358631134,0,0.521967172622681,0.44296070933342,0,0,1
0.770981132984161,0,0.770981132984161,0,0.541962265968323,0.442905336618423,0,0,1
0.780978679656982,0,0.780978679656982,0,0.56195741891861,0.442651510238647,0,0,1
0.790976285934448,0,0.790976285934448,0,0.581952512264252,0.442200392484665,0,0,1
0.290345758199692,0.291303873062134,0,0,0,0.507374823093414,0,0,1
0.300343632698059,0.301301568746567,0,0,0,0.507927000522614,0,0,1
0.310340583324432,0.31129851937294,0,0,0,0.508276998996735,0,0,1
0.320338428020477,0.321296393871307,0,0,0,0.508426189422607,0,0,1
0.320338428020477,0.321296393871307,0,0,0,0.508426189422607,0,0,1
0.119993589818478,0.120954588055611,0,0,0,0.544915437698364,0,0,1
0.129992365837097,0.130953371524811,0,0,0,0.545441150665283,0,0,1
0.139991000294685,0.140951991081238,0,0,0,0.545764863491058,0,0,1
0.149989783763886,0.150950774550438,0,0,0,0.545887887477875,0,0,1
0.159988552331924,0.160949409008026,0,0,0,0.545811355113983,0,0,1
0.169987335801125,0.170948326587677,0,0,0,0.545536518096924,0,0,1
0.169987335801125,0.170948326587677,0,0,0,0.545536518096924,0,0,1
0.179986119270325,0.180947110056877,0,0,0,0.545064508914948,0,0,1
0.189984887838364,0.190945893526077,0,0,0,0.54439651966095,0,0,1
0.676361560821533,0,0.676366090774536,0,0.352733463048935,0.5,0,0,1
0.696244359016418,0,0.696248948574066,0,0.392499089241028,0.499801188707352,0,0,1
0.706185936927795,0,0.706190466880798,0,0.412382215261459,0.499603599309921,0,0,1
0.716127157211304,0,0.716131746768951,0,0.432265013456345,0.499208360910416,0,0,1
0.716127157211304,0,0.716131746768951,0,0.432265013456345,0.499208360910416,0,0,1
0.809656977653503,0,0.809662163257599,0,0.619325876235962,0.524118661880493,0,0,1
0.819597959518433,0,0.819603145122528,0,0.639207780361176,0.525166749954224,0,0,1
0.829538881778717,0,0.829544067382813,0,0.659089684486389,0.526009738445282,0,0,1
0.839480578899384,0,0.839485943317413,0,0.678973078727722,0.526648879051209,0,0,1
0.839480578899384,0,0.839485943317413,0,0.678973078727722,0.526648879051209,0,0,1
0.849421381950378,0,0.849426746368408,0,0.698854982852936,0.527085363864899,0,0,1
0.859363079071045,0,0.859368443489075,0,0.718738377094269,0.527320444583893,0,0,1
0.869304060935974,0,0.869309365749359,0,0.738620281219482,0.527355372905731,0,0,1
0.879245162010193,0,0.879250466823578,0,0.75850248336792,0.52719122171402,0,0,1
0.889186382293701,0,0.889191746711731,0,0.778384983539581,0.526829242706299,0,0,1
0.889186382293701,0,0.889191746711731,0,0.778384983539581,0.526829242706299,0,0,1
0.899127185344696,0,0.899132549762726,0,0.798266589641571,0.526270687580109,0,0,1
0.909068584442139,0,0.909073948860168,0,0.818149387836456,0.5255166888237,0,0,1
0.919009566307068,0,0.919014871120453,0,0.83803129196167,0.524568378925323,0,0,1
0.928950667381287,0,0.928955972194672,0,0.857913494110107,0.523426949977875,0,0,1
0.938892185688019,0,0.938897550106049,0,0.877796649932861,0.522093594074249,0,0,1
0.938892185688019,0,0.938897550106049,0,0.877796649932861,0.522093594074249,0,0,1
0.948832988739014,0,0.948838353157043,0,0.897678196430206,0.520569443702698,0,0,1
0.958774566650391,0,0.95877993106842,0,0.91756135225296,0.518855631351471,0,0,1
0.968715369701386,0,0.968720674514771,0,0.93744295835495,0.51695328950882,0,0,1
0.978656947612762,0,0.978662252426147,0,0.957326054573059,0.514863550662994,0,0,1
0.988597691059113,0,0.988603055477142,0,0.977207660675049,0.512587606906891,0,0,1
0.220813140273094,0,0.220813140273094,0,0,0.5,0,0,1
0.23077803850174,0,0.23077803850174,0,0,0.5,0,0,1
0.23077803850174,0,0.23077803850174,0,0,0.5,0,0,1
0.240743562579155,0,0.240743562579155,0,0,0.499801188707352,0,0,1
0.250708609819412,0,0.250708609819412,0,0,0.499404788017273,0,0,1
0.260674118995667,0,0.260674118995667,0,0,0.498811960220337,0,0,1
0.635758817195892,0.636373579502106,0,0,0.272124648094177,0.521766602993011,0,0,1
0.645723879337311,0.646338820457459,0,0,0.292054742574692,0.523226380348206,0,0,1
0.655689239501953,0.656304001808167,0,0,0.311985462903976,0.524478614330292,0,0,1
0.665654301643372,0.666269242763519,0,0,0.331915587186813,0.52552455663681,0,0,1
0.665654301643372,0.666269242763519,0,0,0.331915587186813,0.52552455663681,0,0,1
0.675619661808014,0.676234424114227,0,0,0.351846307516098,0.526365399360657,0,0,1
0.685584723949432,0.68619966506958,0,0,0.371776431798935,0.527002453804016,0,0,1
0.213864132761955,0,0.213864132761955,0,0,0.537870645523071,0,0,1
0.213864132761955,0,0.213864132761955,0,0,0.537870645523071,0,0,1
0.223829656839371,0,0.223829656839371,0,0,0.538040995597839,0,0,1
0.233794867992401,0,0.233794867992401,0,0,0.53801155090332,0,0,1
0.243760377168655,0,0.243760377168655,0,0,0.53778350353241,0,0,1
0.253725588321686,0,0.253725588321686,0,0,0.537357985973358,0,0,1
0.781886577606201,0,0.781886577606201,0,0.563773214817047,0.500155627727509,0,0,1
0.791851818561554,0,0.791851818561554,0,0.583703637123108,0.499558299779892,0,0,1
0.791851818561554,0,0.791851818561554,0,0.583703637123108,0.499558299779892,0,0,1
0.801816999912262,0,0.801816999912262,0,0.603634059429169,0.498765766620636,0,0,1
0.811782240867615,0,0.811782240867615,0,0.623564481735229,0.497779160737991,0,0,1
0.341715693473816,0,0.341710656881332,0,0,0.5,0,0,1
0.351684719324112,0,0.351679682731628,0,0,0.5,0,0,1
0.36165389418602,0,0.361648857593536,0,0,0.499801188707352,0,0,1
0.371623069047928,0,0.371618032455444,0,0,0.499404788017273,0,0,1
0.381592392921448,0,0.381587386131287,0,0,0.498811960220337,0,0,1
0.391561597585678,0,0.391556560993195,0,0,0.498023897409439,0,0,1
0.625234842300415,0.626184821128845,0,0,0,0.517745554447174,0,0,1
0.635219573974609,0.636169612407684,0,0,0,0.518036663532257,0,0,1
0.635219573974609,0.636169612407684,0,0,0,0.518036663532257,0,0,1
0.645204186439514,0.646154165267944,0,0,0,0.518127262592316,0,0,1
0.532483518123627,0,0.532478928565979,0,0,0.483367323875427,0,0,1
0.542468130588531,0,0.542463541030884,0,0,0.483268320560455,0,0,1
0.552452862262726,0,0.552448272705078,0,0,0.482971131801605,0,0,1
0.562437295913696,0,0.562432706356049,0,0,0.482476890087128,0,0,1
0.0600132755935192,0,0.0600132755935192,0,0,0.580170154571533,0,0,1
0.0699978619813919,0,0.0699978619813919,0,0,0.582273542881012,0,0,1
0.0699978619813919,0,0.0699978619813919,0,0,0.582273542881012,0,0,1
0.0799824520945549,0,0.0799824520945549,0,0,0.584165453910828,0,0,1
0.0899670422077179,0,0.0899670422077179,0,0,0.585847318172455,0,0,1
0.0999516323208809,0,0.0999516323208809,0,0,0.5873202085495,0,0,1
0.109936214983463,0,0.109936214983463,0,0,0.588585495948792,0,0,1
0.119920805096626,0,0.119920805096626,0,0,0.589644372463226,0,0,1
0.119920805096626,0,0.119920805096626,0,0,0.589644372463226,0,0,1
0.12990540266037,0,0.12990540266037,0,0,0.590498089790344,0,0,1
0.139889985322952,0,0.139889985322952,0,0,0.59114795923233,0,0,1
0.149874567985535,0,0.149874567985535,0,0,0.591595053672791,0,0,1
0.159859165549278,0,0.159859165549278,0,0,0.59184068441391,0,0,1
0.169843748211861,0,0.169843748211861,0,0,0.591886043548584,0,0,1
0.169843748211861,0,0.169843748211861,0,0,0.591886043548584,0,0,1
0.179828345775604,0,0.179828345775604,0,0,0.591732323169708,0,0,1
0.189812928438187,0,0.189812928438187,0,0,0.591380715370178,0,0,1
0.199797511100769,0,0.199797511100769,0,0,0.590832471847534,0,0,1
0.209782108664513,0,0.209782108664513,0,0,0.590088665485382,0,0,1
0.219766691327095,0,0.219766691327095,0,0,0.589150547981262,0,0,1
0.219766691327095,0,0.219766691327095,0,0,0.589150547981262,0,0,1
0.239735871553421,0,0.239735871553421,0,0,0.586695909500122,0,0,1
0.249720454216003,0,0.249720454216003,0,0,0.585380554199219,0,0,1
0.259705036878586,0,0.259705036878586,0,0,0.583874225616455,0,0,1
0.269689649343491,0,0.269689649343491,0,0,0.582178235054016,0,0,1
0.269689649343491,0,0.269689649343491,0,0,0.582178235054016,0,0,1
0.279674232006073,0,0.279674232006073,0,0,0.580293536186218,0,0,1
0.289658814668655,0,0.289658814668655,0,0,0.578221380710602,0,0,1
0.299643397331238,0,0.299643397331238,0,0,0.575962841510773,0,0,1
0.30962797999382,0,0.30962797999382,0,0,0.573519051074982,0,0,1
0.319612592458725,0,0.319612592458725,0,0,0.570891141891479,0,0,1
0.329597175121307,0,0.329597175121307,0,0,0.568080186843872,0,0,1
0.329597175121307,0,0.329597175121307,0,0,0.568080186843872,0,0,1
0.33958175778389,0,0.33958175778389,0,0,0.56508731842041,0,0,1
0.349566340446472,0,0.349566340446472,0,0,0.5619136095047,0,0,1
0,0.588871479034424,0,0.588871479034424,0,0.569894373416901,0,0,1
0,0.598863840103149,0,0.598863840103149,0,0.572059392929077,0,0,1
0,0.608856201171875,0,0.608856201171875,0,0.574012637138367,0,0,1
0,0.618848562240601,0,0.618848562240601,0,0.57575535774231,0,0,1
0,0.618848562240601,0,0.618848562240601,0,0.57575535774231,0,0,1
0,0.628840923309326,0,0.628840923309326,0,0.577288866043091,0,0,1
0,0.638833284378052,0,0.638833284378052,0,0.578614294528961,0,0,1
0,0.97857391834259,0,0.97857391834259,0,0.60714727640152,0,0,1
0,0.988566279411316,0,0.988566279411316,0,0.607896029949188,0,0,1
0,0.998558640480042,0,0.998558640480042,0,0.608441472053528,0,0,1
0,0,0,0,0,0.608784794807434,0,0,1
0,0,0,0,0,0.608784794807434,0,0,1
0,0,0,0,0,0.608927309513092,0,0,1
0,0,0,0,0,0.608870148658752,0,0,1
0,0,0,0,0,0.608614504337311,0,0,1
0,0,0,0,0,0.608161628246307,0,0,1
0,0,0,0,0,0.607512652873993,0,0,1
0,0,0,0,0,0.607512652873993,0,0,1
0,0,0,0,0,0.606668770313263,0,0,1
0,0,0,0,0,0.605631172657013,0,0,1
0,0,0,0,0,0.604400992393494,0,0,1
0,0,0,0,0,0.602979421615601,0,0,1
0,0,0,0,0,0.60136753320694,0,0,1
0.535567343235016,0.536862194538116,0,0,0.0724285915493965,0.504698514938354,0,0,1
0.545559704303741,0.546854555606842,0,0,0.0924133285880089,0.505067944526672,0,0,1
0.555552065372467,0.556846916675568,0,0,0.112398073077202,0.505236327648163,0,0,1
0.184548333287239,0,0.184548333287239,0,0,0.481328666210175,0,0,1
0.19454437494278,0,0.19454437494278,0,0,0.481241911649704,0,0,1
0.204540401697159,0,0.204540401697159,0,0,0.480956852436066,0,0,1
0.214536443352699,0,0.214536443352699,0,0,0.480474710464478,0,0,1
0.224532470107079,0,0.224532470107079,0,0,0.479796677827835,0,0,1
0,0.964656531810761,0,0.964656531810761,0,0.586526989936829,0,0,1
0,0.974652528762817,0,0.974652528762817,0,0.587995827198029,0,0,1
0,0.984648585319519,0,0.984648585319519,0,0.589257001876831,0,0,1
0,0.994644641876221,0,0.994644641876221,0,0.590311884880066,0,0,1
0,0.994644641876221,0,0.994644641876221,0,0.590311884880066,0,0,1
0,0,0,0,0,0.591161608695984,0,0,1
0,0,0,0,0,0.59180748462677,0,0,1
0,0,0,0,0,0.59225058555603,0,0,1
0,0,0,0,0,0.592492282390594,0,0,1
0,0,0,0,0,0.592533767223358,0,0,1
0,0,0,0,0,0.592533767223358,0,0,1
0,0,0,0,0,0.592376172542572,0,0,1
0,0,0,0,0,0.578692197799683,0,0,1
0,0,0,0,0,0.578220069408417,0,0,1
0,0,0,0,0,0.578220069408417,0,0,1
0,0,0,0,0,0.577551960945129,0,0,1
0,0,0,0,0,0.576689004898071,0,0,1
0.183363035321236,0,0.183363035321236,0,0,0.494551360607147,0,0,1
0.193359076976776,0,0.193359076976776,0,0,0.493788838386536,0,0,1
0.203355103731155,0,0.203355103731155,0,0,0.492832094430923,0,0,1
0.213351130485535,0,0.213351130485535,0,0,0.491682320833206,0,0,1
0.213351130485535,0,0.213351130485535,0,0,0.491682320833206,0,0,1
0.0926191732287407,0,0.092616118490696,0,0,0.575624108314514,0,0,1
0.102615207433701,0,0.102611996233463,0,0,0.578351199626923,0,0,1
0.112611390650272,0,0.112608186900616,0,0,0.580863058567047,0,0,1
0.122607730329037,0,0.122604519128799,0,0,0.583161115646362,0,0,1
0.132605597376823,0,0.132602393627167,0,0,0.585246503353119,0,0,1
0.142603605985641,0,0.142600402235985,0,0,0.587120652198792,0,0,1
0.152601629495621,0,0.152598425745964,0,0,0.588784754276276,0,0,1
0.152601629495621,0,0.152598425745964,0,0,0.588784754276276,0,0,1
0.162599638104439,0,0.162596434354782,0,0,0.590240001678467,0,0,1
0.17259781062603,0,0.172594606876373,0,0,0.591487765312195,0,0,1
0.182595819234848,0,0.182592615485191,0,0,0.592529296875,0,0,1
0.192594140768051,0,0.192590937018394,0,0,0.593365669250488,0,0,1
0.192594140768051,0,0.192590937018394,0,0,0.593365669250488,0,0,1
0.20259216427803,0,0.202588960528374,0,0,0.593998312950134,0,0,1
0.212590172886848,0,0.212586969137192,0,0,0.594428300857544,0,0,1
0.222588807344437,0,0.22258560359478,0,0,0.594656944274902,0,0,1
0.232586815953255,0,0.232583612203598,0,0,0.594685435295105,0,0,1
0.242584988474846,0,0.242581784725189,0,0,0.594514906406403,0,0,1
0.242584988474846,0,0.242581784725189,0,0,0.594514906406403,0,0,1
0.262581318616867,0,0.262578129768372,0,0,0.593581736087799,0,0,1
0.262581318616867,0,0.262578129768372,0,0,0.593581736087799,0,0,1
0.272579193115234,0,0.272575974464417,0,0,0.593020260334015,0,0,1
0.282577365636826,0,0.282574146986008,0,0,0.592263340950012,0,0,1
0.292575389146805,0,0.292572170495987,0,0,0.591312170028687,0,0,1
0.302573561668396,0,0.302570343017578,0,0,0.590167880058289,0,0,1
0.312571704387665,0,0.312568515539169,0,0,0.588831663131714,0,0,1
0.312571704387665,0,0.312568515539169,0,0,0.588831663131714,0,0,1
0.322569727897644,0,0.322566539049149,0,0,0.587304711341858,0,0,1
0.332567751407623,0,0.332564532756805,0,0,0.585588037967682,0,0,1
0.342565774917603,0,0.342562556266785,0,0,0.583682954311371,0,0,1
0.352563947439194,0,0.352560728788376,0,0,0.581590414047241,0,0,1
0.372560262680054,0,0.372557073831558,0,0,0.576847851276398,0,0,1
0.372560262680054,0,0.372557073831558,0,0,0.576847851276398,0,0,1
0.382558435201645,0,0.382555246353149,0,0,0.574398756027222,0,0,1
0.392556309700012,0,0.392553091049194,0,0,0.571765542030334,0,0,1
0.402554482221603,0,0.402551263570786,0,0,0.568949341773987,0,0,1
0.462111204862595,0.463395982980728,0,0,0,0.507036507129669,0,0,1
0.462111204862595,0.463395982980728,0,0,0,0.507036507129669,0,0,1
0.472109228372574,0.473394006490707,0,0,0,0.508584678173065,0,0,1
0.482107251882553,0.483392030000687,0,0,0,0.50992476940155,0,0,1
0.492105394601822,0.493390202522278,0,0,0,0.511058032512665,0,0,1
0.502103447914124,0.503388226032257,0,0,0.00549041759222746,0.511985719203949,0,0,1
0.502103447914124,0.503388226032257,0,0,0.00549041759222746,0.511985719203949,0,0,1
0.512102067470551,0.513386845588684,0,0,0.0254876706749201,0.512708961963654,0,0,1
0.52210009098053,0.523384869098663,0,0,0.0454837046563625,0.513229131698608,0,0,1
0,0,0,0,0.735001802444458,0.5,0,1,0
0,0,0,0,0.79500550031662,0.472529292106628,0,1,0
0.877497255802155,0.877498030662537,0,0,0.754995107650757,0.490283459424973,0,1,0
0.937496960163116,0.93749725818634,0,0,0.874993920326233,0.502081990242004,0,1,0
0.927496194839478,0.927496314048767,0,0,0.854992687702179,0.486274868249893,0,1,0
0.00749481189996004,0.00749557511880994,0,0,0,0.491953909397125,0,1,0
0.847384929656982,0.847385704517365,0,0,0.694771409034729,0.5,0,1,0
0,0,0,0,0.834503471851349,0.5,0,1,0
0.917059302330017,0.917063593864441,0,0,0.83412230014801,0.493987411260605,0,1,0
0,0,0,0,0.893865048885345,0.485658198595047,0,1,0
0,0,0,0,0.873804926872253,0.4956194460392,0,1,0
0,0,0,0,0.813683152198792,0.498661398887634,0,1,0
0.876577913761139,0.876919567584991,0,0,0.753494560718536,0.509030282497406,0,1,0
0.966555774211884,0.966895878314972,0,0,0.93344908952713,0.499077528715134,0,1,0
0,0,0,0,0.79326993227005,0.503659665584564,0,1,0
0.906207263469696,0.907057523727417,0,0,0.813261389732361,0.486901611089706,0,1,0
0.926207304000854,0.927057206630707,0,0,0.853261709213257,0.509583294391632,0,1,0
0.876206815242767,0.877056896686554,0,0,0.753260791301727,0.505410254001617,0,1,0
0.843701481819153,0.844651162624359,0,0,0.688352644443512,0.518167614936829,0,1,0
0.842144012451172,0.843093872070313,0,0,0.68523770570755,0.524759232997894,0,1,0
0.901285409927368,0.902231454849243,0,0,0.803516864776611,0.491598308086395,0,1,0
0,0,0,0,0.841991245746613,0.484423160552979,0,1,0
0.950170576572418,0.95112943649292,0,0,0.901295185089111,0.495448976755142,0,1,0
0.839893817901611,0.840855717658997,0,0,0.680745542049408,0.487252861261368,0,1,0
0.904822707176209,0.905437648296356,0,0,0.810252368450165,0.532046675682068,0,1,0
0,0,0,0,0.696704685688019,0.498670309782028,0,1,0
0,0,0,0,0.786050081253052,0.5,0,1,0
0,0,0,0,0.918482959270477,0.5,0,1,0
0.955872058868408,0.95648193359375,0,0,0.912346184253693,0.5,0,1,0
0.952800750732422,0.95340895652771,0,0,0.906201779842377,0.5,0,1,0
0,0,0,0,0.834045708179474,0.49187958240509,0,1,0
0,0,0,0,0.754963397979736,0.477887570858002,0,1,0
0.91604095697403,0.917335987091064,0,0,0.833376467227936,0.476853668689728,0,1,0
0.925269782543182,0.926564633846283,0,0,0.851833522319794,0.49773707985878,0,1,0
0.94445663690567,0.945752084255219,0,0,0.890207827091217,0.483575850725174,0,1,0
0,0,0,0,0.7277871966362,0.521540462970734,0,1,0
0.872033357620239,0.873317718505859,0,0,0.745350062847137,0.517171561717987,0,1,0
